{
	"id": "530afd9f2f32c6c5f06389c4258481a4",
	"_format": "hh-sol-build-info-1",
	"solcVersion": "0.8.7",
	"solcLongVersion": "0.8.7+commit.e28d00a7",
	"input": {
		"language": "Solidity",
		"sources": {
			"Whitelist.sol": {
				"content": "//SPDX-License-Identifier: Unlicense\r\npragma solidity ^0.8.0;\r\n"
			}
		},
		"settings": {
			"optimizer": {
				"enabled": false,
				"runs": 200
			},
			"outputSelection": {
				"*": {
					"": [
						"ast"
					],
					"*": [
						"abi",
						"metadata",
						"devdoc",
						"userdoc",
						"storageLayout",
						"evm.legacyAssembly",
						"evm.bytecode",
						"evm.deployedBytecode",
						"evm.methodIdentifiers",
						"evm.gasEstimates",
						"evm.assembly"
					]
				}
			}
		}
	},
	"output": {
		"sources": {
			"Whitelist.sol": {
				"ast": {
					"absolutePath": "Whitelist.sol",
					"exportedSymbols": {},
					"id": 2,
					"license": "Unlicense",
					"nodeType": "SourceUnit",
					"nodes": [
						{
							"id": 1,
							"literals": [
								"solidity",
								"^",
								"0.8",
								".0"
							],
							"nodeType": "PragmaDirective",
							"src": "38:23:0"
						}
					],
					"src": "38:25:0"
				},
				"id": 0
			}
		}
	}
}